A,B,C,D,E,F,G,H,I,J,K,L,M,N,O,P,Q,R,S,T,U,V,W,X,Y,Z,AA,AB,AC,AD,AE,AF,AG,AH
1270,0.71,0.15,298,Cu,OC(=O)C1=CC(=CC(=C1)C(O)=O)C(O)=O,29,63.55,1085,2562,1.9,1.24,8.92,127,398,59.6,7.73,7.1,0.39,3,1.68,2,2,6,2,6,10,1,0,0,0,0,0,0.86
1270,0.71,1,298,Cu,OC(=O)C1=CC(=CC(=C1)C(O)=O)C(O)=O,29,63.55,1085,2562,1.9,1.24,8.92,127,398,59.6,7.73,7.1,0.39,3,1.68,2,2,6,2,6,10,1,0,0,0,0,0,5.27
1270,0.71,1,313,Cu,OC(=O)C1=CC(=CC(=C1)C(O)=O)C(O)=O,29,63.55,1085,2562,1.9,1.24,8.92,127,398,59.6,7.73,7.1,0.39,3,1.68,2,2,6,2,6,10,1,0,0,0,0,0,2.91
2833,1.04,35,298,Zn,C(=O)(C1=CC=C(C=C1)C(=O)O),30,65.38,419.5,907,1.65,0,7.14,134,116,16.9,9.39,9.2,0.39,2.5,5.9,2,2,6,2,6,10,2,0,0,0,0,0,21.7
1568,1.07,35,298,Zn,C(=O)(C1=CC(=CC=C1C(=O)O)N)O,30,65.38,419.5,907,1.65,0,7.14,134,116,16.9,9.39,9.2,0.39,2.5,5.9,2,2,6,2,6,10,2,0,0,0,0,0,18.7
1568,1.07,1,298,Zn,C(=O)(C1=CC(=CC=C1C(=O)O)N)O,30,65.38,419.5,907,1.65,0,7.14,134,116,16.9,9.39,9.2,0.39,2.5,5.9,2,2,6,2,6,10,2,0,0,0,0,0,1.11
1049,0.36,20,304,V,C(=O)(C1=CC=C(C=C1)C(=O)O)C2=CC=CC=C2,23,50.94,1910,3407,1.63,0.53,6.11,134,31,5,6.75,8.3,0.49,6.7,197,2,2,6,2,6,3,2,0,0,0,0,0,11.5
1419,0.5,25,304,Cr,C(=O)(C1=CC=C(C=C1)C(=O)O)C2=CC=CC=C2,24,52,1907,2671,1.66,0.67,7.19,128,93.9,7.9,6.77,7.2,0.45,8.5,12.9,2,2,6,2,6,5,1,0,0,0,0,0,10
1900,1.1,50,304,Cr,C(=O)(C1=CC=C(C=C1)C(=O)O)C2=CC=C(C=C2)C(=O)O,24,52,1907,2671,1.66,0.67,7.19,128,93.9,7.9,6.77,7.2,0.45,8.5,12.9,2,2,6,2,6,5,1,0,0,0,0,0,18
1900,1.1,1,313,Fe,C(=O)(C1=CC=C(C=C1)C(=O)O)C2=CC=C(C=C2)C(=O)O,26,55.85,1538,2862,1.83,0.15,7.87,126,80.4,10.1,7.9,7.1,0.45,4,10,2,2,6,2,6,6,2,0,0,0,0,0,1.5
2988,1.85,50,304,Cr,C(=O)(C1=CC=C(C=C1)C(=O)O)C2=CC=CC=C2,24,52,1907,2671,1.66,0.67,7.19,128,93.9,7.9,6.77,7.2,0.45,8.5,12.9,2,2,6,2,6,5,1,0,0,0,0,0,40
2988,1.85,1,298,Cr,C(=O)(C1=CC=C(C=C1)C(=O)O)C2=CC=CC=C2,24,52,1907,2671,1.66,0.67,7.19,128,93.9,7.9,6.77,7.2,0.45,8.5,12.9,2,2,6,2,6,5,1,0,0,0,0,0,2.16
1495,0.61,1,298,Mg,C(=O)(C1=CC(=CC=C1O)O)C2=CC=C(C=C2)C(=O)O,12,24.31,650,1091,1.31,0,1.74,150,156,22.9,7.65,13.97,1.02,2.5,43.9,2,2,6,2,0,0,0,0,0,0,0,0,6.2
1174,0.65,35,298,Mg,C(=O)(C1=CC(=CC=C1O)O)C2=CC=C(C=C2)C(=O)O,12,24.31,650,1091,1.31,0,1.74,150,156,22.9,7.65,13.97,1.02,2.5,43.9,2,2,6,2,0,0,0,0,0,0,0,0,10.4
1174,0.65,1,298,Mg,C(=O)(C1=CC(=CC=C1O)O)C2=CC=C(C=C2)C(=O)O,12,24.31,650,1091,1.31,0,1.74,150,156,22.9,7.65,13.97,1.02,2.5,43.9,2,2,6,2,0,0,0,0,0,0,0,0,8.6
1174,0.65,0.15,298,"Mg
",C(=O)(C1=CC(=CC=C1O)O)C2=CC=C(C=C2)C(=O)O,12,24.31,650,1091,1.31,0,1.74,150,156,22.9,7.65,13.97,1.02,2.5,43.9,2,2,6,2,0,0,0,0,0,0,0,0,6.14
4750,1.89,20,298,"Zn
",C(=O)(C1=CC=C(C=C1)C2=CC(=CC(=C2)C(=O)O)C3=CC=C(C=C3)C(=O)O)O,30,65.38,419.5,907,1.65,0,7.14,134,116,16.9,9.39,9.2,0.39,2.5,5.9,2,2,6,2,6,10,2,0,0,0,0,0,28
4750,1.89,20,273,Zn,C(=O)(C1=CC=C(C=C1)C2=CC(=CC(=C2)C(=O)O)C3=CC=C(C=C3)C(=O)O)O,30,65.38,419.5,907,1.65,0,7.14,134,116,16.9,9.39,9.2,0.39,2.5,5.9,2,2,6,2,6,10,2,0,0,0,0,0,33.5
4530,3.59,50,298,Zn,C(=O)(C1=CC=C(C=C1)C2=CC(=CC(=C2)C3=CC=CC=C3)C(=O)O)OC(=O)C4=CC=C(C=C4)C5=CC=CC=C5C(=O)O,30,65.38,419.5,907,1.65,0,7.14,134,116,16.9,9.39,9.2,0.39,2.5,5.9,2,2,6,2,6,10,2,0,0,0,0,0,54.5
4530,3.59,20,273,Zn,C(=O)(C1=CC=C(C=C1)C2=CC(=CC(=C2)C3=CC=CC=C3)C(=O)O)OC(=O)C4=CC=C(C=C4)C5=CC=CC=C5C(=O)O,30,65.38,419.5,907,1.65,0,7.14,134,116,16.9,9.39,9.2,0.39,2.5,5.9,2,2,6,2,6,10,2,0,0,0,0,0,54.4
4530,3.59,20,298,Zn,C(=O)(C1=CC=C(C=C1)C2=CC(=CC(=C2)C3=CC=CC=C3)C(=O)O)OC(=O)C4=CC=C(C=C4)C5=CC=CC=C5C(=O)O,30,65.38,419.5,907,1.65,0,7.14,134,116,16.9,9.39,9.2,0.39,2.5,5.9,2,2,6,2,6,10,2,0,0,0,0,0,14.8
6240,3.6,50,298,Cu,C(=O)(C1=CC=C(C=C1)C2=CC(=CC=C2)C(=O)O)OC(=O)C3=CC=CC=C3,29,63.55,1085,2562,1.9,1.24,8.92,127,398,59.6,7.73,7.1,0.39,3,1.68,2,2,6,2,6,10,1,0,0,0,0,0,54.5
1547,0.63,35,298,Cu,C(=O)(C1=CC=C(C=C1)C2=CC(=C(C(=C2)C(=O)O)O)C(=O)O)O,29,63.55,1085,2562,1.9,1.24,8.92,127,398,59.6,7.73,7.1,0.39,3,1.68,2,2,6,2,6,10,1,0,0,0,0,0,10.2
6143,2.82,40,298,Zn,C(=O)(C1=CC=C(C=C1)C2=CC(=C(C(=C2)C#CC3=CC=CC=C3C#CC4=CC=CC=C4C(=O)O)C#CC5=CC=CC=C5C#CC6=CC=CC=C6C(=O)O)C#CC7=CC=CC=C7C#CC8=CC=CC=C8C(=O)O)O,30,65.38,419.5,907,1.65,0,7.14,134,116,16.9,9.39,9.2,0.39,2.5,5.9,2,2,6,2,6,10,2,0,0,0,0,0,46.4
4100,2.14,24,298,Ni,C(=O)(C1=CC=C(C=C1)C2=CC(=CC=C2)C(=O)O)C3=CC(=CC=C3)C(=O)O,28,58.69,1455,2913,1.91,1.16,8.91,124,90.9,14.3,7.64,6.6,0.44,4,6.84,2,2,6,2,6,8,2,0,0,0,0,0,23.5
1925,0.74,25,298,Ni,C(=O)(C1=CC=C(C=C1)C(=O)O)C2=CC=C(C=C2)N,28,58.69,1455,2913,1.91,1.16,8.91,124,90.9,14.3,7.64,6.6,0.44,4,6.84,2,2,6,2,6,8,2,0,0,0,0,0,13.6
1120,0.59,28,300,Zn,C(=O)OC=CC(=O)O,30,65.38,419.5,907,1.65,0,7.14,134,116,16.9,9.39,9.2,0.39,2.5,5.9,2,2,6,2,6,10,2,0,0,0,0,0,15.7
1120,0.59,1,298,Zn,C(=O)OC=CC(=O)O,30,65.38,419.5,907,1.65,0,7.14,134,116,16.9,9.39,9.2,0.39,2.5,5.9,2,2,6,2,6,10,2,0,0,0,0,0,0.89
834,0.41,40,298,Zn,C(=O)(C1=CC2=C(C=C1)C=CC=C2C(=O)O)C3=CC=CC=C3C(=O)O,30,65.38,419.5,907,1.65,0,7.14,134,116,16.9,9.39,9.2,0.39,2.5,5.9,2,2,6,2,6,10,2,0,0,0,0,0,7.1
182.9,0.1,0.15,298,Cr,C(=O)(C1=CC=C2C=C(C=CC2=C1)C(=O)O)C(=O)O,24,52,1907,2671,1.66,0.67,7.19,128,93.9,7.9,6.77,7.2,0.45,8.5,12.9,2,2,6,2,6,5,1,0,0,0,0,0,3.85
182.9,0.1,1,298,Cr,C(=O)(C1=CC=C2C=C(C=CC2=C1)C(=O)O)C(=O)O,24,52,1907,2671,1.66,0.67,7.19,128,93.9,7.9,6.77,7.2,0.45,8.5,12.9,2,2,6,2,6,5,1,0,0,0,0,0,4.38
271.8,0.13,1,273,Mg,C1C(C(C(C(C1C(=O)O)C(=O)O)C(=O)O)C(=O)O)C(=O)O,12,24.31,650,1091,1.31,0,1.74,150,156,22.9,7.65,13.97,1.02,2.5,43.9,2,2,6,2,0,0,0,0,0,0,0,0,1.5
387,0.27,1,298,Zn,C1=CC(=CC=C1C2=CC=C(C=C2)C(=O)O)N=N[N-]C=[N+]=[N-],30,65.38,419.5,907,1.65,0,7.14,134,116,16.9,9.39,9.2,0.39,2.5,5.9,2,2,6,2,6,10,2,0,0,0,0,0,2.71
153.7,0.1,1,196,Cu,C1=CC=C2C=C(C=CC2=C1)C(=O)C3=CC=CC=C3C(=O)O,29,63.55,1085,2562,1.9,1.24,8.92,127,398,59.6,7.73,7.1,0.39,3,1.68,2,2,6,2,6,10,1,0,0,0,0,0,2.32
153.7,0.1,1,273,Cu,C1=CC=C2C=C(C=CC2=C1)C(=O)C3=CC=CC=C3C(=O)O,29,63.55,1085,2562,1.9,1.24,8.92,127,398,59.6,7.73,7.1,0.39,3,1.68,2,2,6,2,6,10,1,0,0,0,0,0,0.85
153.7,0.1,1,296,Cu,C1=CC=C2C=C(C=CC2=C1)C(=O)C3=CC=CC=C3C(=O)O,29,63.55,1085,2562,1.9,1.24,8.92,127,398,59.6,7.73,7.1,0.39,3,1.68,2,2,6,2,6,10,1,0,0,0,0,0,0.63
308,0.11,1,303,Al,C1=CC(=C(C(=C1)C(=O)O)C(=O)O)C(=O)O,13,26.98,660.3,2519,1.61,0.43,2.7,143,237,37.8,5.99,10,0.9,2.5,2.82,2,2,6,2,1,0,0,0,0,0,0,0,3.15
408,0.21,1,295,Zn,C1=CC(=C(C=C1C(=O)O)C(=O)O)C(=O)O,30,65.38,419.5,907,1.65,0,7.14,134,116,16.9,9.39,9.2,0.39,2.5,5.9,2,2,6,2,6,10,2,0,0,0,0,0,1.88
3850,1.47,1,296,Cu,C1=CC=C(C=C1)C2=CC=C(C=C2)C(=O)C3=CC=C(C=C3)C(=O)C4=CC=C(C=C4)C(=O)O,29,63.55,1085,2562,1.9,1.24,8.92,127,398,59.6,7.73,7.1,0.39,3,1.68,2,2,6,2,6,10,1,0,0,0,0,0,3.04
1167,0.56,1,298,Co,"C1=CC=C(C=C1)C2=NC3=NC=C(N3C4=NC=C(C=C4)C5=C(C=CC(=C5)Cl)O)C=C2,Cl,Cl",27,58.93,1495,2927,1.88,0.66,8.86,125,100,17.2,7.88,6.7,0.42,5,6.24,2,2,6,2,6,7,2,0,0,0,0,0,6.7
1286,0.46,1,298,Mn,"C1=CC=C(C=C1)C2=NC3=NC=C(N3C4=NC=C(C=C4)C5=C(C=CC(=C5)Cl)O)C=C2,Cl,Cl",25,54.94,1246,2061,1.55,0,7.21,127,7.81,0.96,7.43,7.4,0.48,6,47,2,2,6,2,6,5,2,0,0,0,0,0,7.1
1014,0.43,1,298,Zn,C1=NC(=NN1)N,30,65.38,419.5,907,1.65,0,7.14,134,116,16.9,9.39,9.2,0.39,2.5,5.9,2,2,6,2,6,10,2,0,0,0,0,0,4.41
2530,1,1,298,Cu,C1=CC=C(C=C1)C2=C3C(=C(C=C2)C(=O)O)N=N3,29,63.55,1085,2562,1.9,1.24,8.92,127,398,59.6,7.73,7.1,0.39,3,1.68,2,2,6,2,6,10,1,0,0,0,0,0,4.35
2530,1,1,288,Cu,C1=CC=C(C=C1)C2=C3C(=C(C=C2)C(=O)O)N=N4,29,63.55,1085,2562,1.9,1.24,8.92,127,398,59.6,7.73,7.1,0.39,3,1.68,2,2,6,2,6,10,1,0,0,0,0,0,5.54
2072,0.84,1,298,Cu,"C1=CC(=CC=C1C2=NC3=CC=CC=C3S2)C(=O)O,C1=CC(=CC=C1C2=NC3=CC=CC=C3S2)C(=O)O",29,63.55,1085,2562,1.9,1.24,8.92,127,398,59.6,7.73,7.1,0.39,3,1.68,2,2,6,2,6,10,1,0,0,0,0,0,3.83
2072,0.84,1,288,Cu,"C1=CC(=CC=C1C2=NC3=CC=CC=C3S2)C(=O)O,C1=CC(=CC=C1C2=NC3=CC=CC=C3S2)C(=O)O",29,63.55,1085,2562,1.9,1.24,8.92,127,398,59.6,7.73,7.1,0.39,3,1.68,2,2,6,2,6,10,1,0,0,0,0,0,4.87
2072,0.84,1,296,Cu,"C1=CC(=CC=C1C2=NC3=CC=CC=C3S2)C(=O)O,C1=CC(=CC=C1C2=NC3=CC=CC=C3S2)C(=O)O",29,63.55,1085,2562,1.9,1.24,8.92,127,398,59.6,7.73,7.1,0.39,3,1.68,2,2,6,2,6,10,1,0,0,0,0,0,3.93
572,0.23,1,298,Cu,"C1=CC(=CC=C1C2=NNC3=CC=CC=C3Se2)C(=O)O,C1=CC(=CC=C1C2=NNC3=CC=CC=C3Se2)C(=O)O",29,63.55,1085,2562,1.9,1.24,8.92,127,398,59.6,7.73,7.1,0.39,3,1.68,2,2,6,2,6,10,1,0,0,0,0,0,1.68
572,0.23,1,288,Cu,"C1=CC(=CC=C1C2=NNC3=CC=CC=C3Se2)C(=O)O,C1=CC(=CC=C1C2=NNC3=CC=CC=C3Se2)C(=O)O",29,63.55,1085,2562,1.9,1.24,8.92,127,398,59.6,7.73,7.1,0.39,3,1.68,2,2,6,2,6,10,1,0,0,0,0,0,2
1631,0.66,1,293,Cu,CC(C)(C(=O)O)C1=CC=C(C=C1)C(=O)O,29,63.55,1085,2562,1.9,1.24,8.92,127,398,59.6,7.73,7.1,0.39,3,1.68,2,2,6,2,6,10,1,0,0,0,0,0,4.56
2522,1.01,1,293,Cu,C1=CC(=CC=C1C2=CC(=C(C=C2)C(=O)O)C(=O)O)C(=O)O,29,63.55,1085,2562,1.9,1.24,8.92,127,398,59.6,7.73,7.1,0.39,3,1.68,2,2,6,2,6,10,1,0,0,0,0,0,3.93
2384,0.92,1,298,Cu,CC1=CC(=CC=C1C2=CC(=C(C=C2)C(=O)O)C(=O)O)N+[O-],29,63.55,1085,2562,1.9,1.24,8.92,127,398,59.6,7.73,7.1,0.39,3,1.68,2,2,6,2,6,10,1,0,0,0,0,0,4.46
2384,0.92,1,273,Cu,CC1=CC(=CC=C1C2=CC(=C(C=C2)C(=O)O)C(=O)O)N+[O-],29,63.55,1085,2562,1.9,1.24,8.92,127,398,59.6,7.73,7.1,0.39,3,1.68,2,2,6,2,6,10,1,0,0,0,0,0,8.35
967,0.63,1,298,Cu,C1=CC(=CC=C1C2=CC(=C(C=C2)C(=O)O)C(=O)O)C(=O)O,29,63.55,1085,2562,1.9,1.24,8.92,127,398,59.6,7.73,7.1,0.39,3,1.68,2,2,6,2,6,10,1,0,0,0,0,0,3.26
1400,0.57,1,298,Cu,C1=CC(=CC=C1C(=O)N(C(=O)C2=CC(=CC=C2)C(=O)O)C(=O)C3=CC(=CC=C3)C(=O)O)C(=O)O,29,63.55,1085,2562,1.9,1.24,8.92,127,398,59.6,7.73,7.1,0.39,3,1.68,2,2,6,2,6,10,1,0,0,0,0,0,4.15
2412,0.99,1,298,Cu,C(=O)(C(=O)N(C(=O)C1=CC(=CC=C1)C(=O)O)C(=O)C2=CC(=CC=C2)C(=O)O)C3=CC(=CC=C3)C(=O)O,29,63.55,1085,2562,1.9,1.24,8.92,127,398,59.6,7.73,7.1,0.39,3,1.68,2,2,6,2,6,10,1,0,0,0,0,0,3.79
2471,1.1,1,298,Cu,C1=CC=C(C=C1)C(=O)C2=C,29,63.55,1085,2562,1.9,1.24,8.92,127,398,59.6,7.73,7.1,0.39,3,1.68,2,2,6,2,6,10,1,0,0,0,0,0,4.13
2471,1.1,1,273,Cu,C1=CC=C(C=C1)C(=O)C2=C,29,63.55,1085,2562,1.9,1.24,8.92,127,398,59.6,7.73,7.1,0.39,3,1.68,2,2,6,2,6,10,1,0,0,0,0,0,9.09
3286,1.41,1,273,Cu,C1=CC(=CC(=C1)C2=CC(=CC(=C2)C(=O)O)N3N=CN=N3)C(=O)O,29,63.55,1085,2562,1.9,1.24,8.92,127,398,59.6,7.73,7.1,0.39,3,1.68,2,2,6,2,6,10,1,0,0,0,0,0,9.02
3286,1.41,1,298,Cu,C1=CC(=CC(=C1)C2=CC(=CC(=C2)C(=O)O)N3N=CN=N3)C(=O)O,29,63.55,1085,2562,1.9,1.24,8.92,127,398,59.6,7.73,7.1,0.39,3,1.68,2,2,6,2,6,10,1,0,0,0,0,0,4.64
3350,1.37,1,273,Cu,C1=CC(=CC(=C1)C2=CC(=CC(=C2)C#CC3=CC=CC=C3C#CC4=CC=CC=C4C(=O)O)C(=O)O)C(=O)O,29,63.55,1085,2562,1.9,1.24,8.92,127,398,59.6,7.73,7.1,0.39,3,1.68,2,2,6,2,6,10,1,0,0,0,0,0,4.86
3350,1.37,20,298,Cu,C1=CC(=CC(=C1)C2=CC(=CC(=C2)C#CC3=CC=CC=C3C#CC4=CC=CC=C4C(=O)O)C(=O)O)C(=O)O,29,63.55,1085,2562,1.9,1.24,8.92,127,398,59.6,7.73,7.1,0.39,3,1.68,2,2,6,2,6,10,1,0,0,0,0,0,21.4
4000,1.63,1,273,Cu,C1=CC(=CC(=C1)C2=CC(=CC(=C2)C#CC3=CC=CC=C3C#CC4=CC=CC=C4C#CC5=CC=CC=C5C(=O)O)C(=O)O)C(=O)O,29,63.55,1085,2562,1.9,1.24,8.92,127,398,59.6,7.73,7.1,0.39,3,1.68,2,2,6,2,6,10,1,0,0,0,0,0,5.02
4000,1.63,20,298,Cu,C1=CC(=CC(=C1)C2=CC(=CC(=C2)C#CC3=CC=CC=C3C#CC4=CC=CC=C4C#CC5=CC=CC=C5C(=O)O)C(=O)O)C(=O)O,29,63.55,1085,2562,1.9,1.24,8.92,127,398,59.6,7.73,7.1,0.39,3,1.68,2,2,6,2,6,10,1,0,0,0,0,0,22.1
5109,2.13,1,273,Cu,C1=CC(=CC=C1C2=CC(=C(C=C2C#CC3=CC(=CC(=C3)C#CC4=CC=C(C=C4)C#CC5=CC(=CC(=C5)C(=O)O)C#CC6=CC=CC=C6C(=O)O)C#CC7=CC=CC=C7C(=O)O)C#CC8=CC(=CC(=C8)C(=O)O)C(=O)O)C#CC9=CC=CC=C9C(=O)O)C#CC10=CC(=CC(=C10)C(=O)O)C(=O)O,29,63.55,1085,2562,1.9,1.24,8.92,127,398,59.6,7.73,7.1,0.39,3,1.68,2,2,6,2,6,10,1,0,0,0,0,0,5.02
5109,2.13,20,298,Cu,C1=CC(=CC=C1C2=CC(=C(C=C2C#CC3=CC(=CC(=C3)C#CC4=CC=C(C=C4)C#CC5=CC(=CC(=C5)C(=O)O)C#CC6=CC=CC=C6C(=O)O)C#CC7=CC=CC=C7C(=O)O)C#CC8=CC(=CC(=C8)C(=O)O)C(=O)O)C#CC9=CC=CC=C9C(=O)O)C#CC10=CC(=CC(=C10)C(=O)O)C(=O)O,29,63.55,1085,2562,1.9,1.24,8.92,127,398,59.6,7.73,7.1,0.39,3,1.68,2,2,6,2,6,10,1,0,0,0,0,0,22.1
3160,1.27,20,298,Cu,C1=CC(=CC(=C1)C(=O)N(C(=O)C2=CC(=CC(=C2)C(=O)N(C(=O)C3=CC(=CC(=C3)C(=O)O)C(=O)O)C(=O)O)C(=O)O)C(=O)O)C(=O)O,29,63.55,1085,2562,1.9,1.24,8.92,127,398,59.6,7.73,7.1,0.39,3,1.68,2,2,6,2,6,10,1,0,0,0,0,0,23.5
3288,1.77,20,273,Cu,C1=CC(=CC(=C1C2=CC(=C(C(=C2)C(=O)O)C(=O)O)C(=O)N(C(=O)C3=CC(=CC(=C3)C(=O)O)C(=O)O)C(=O)O)C(=O)N(C(=O)C4=CC(=CC(=C4)C(=O)O)C(=O)O)C(=O)O)C(=O)O,29,63.55,1085,2562,1.9,1.24,8.92,127,398,59.6,7.73,7.1,0.39,3,1.68,2,2,6,2,6,10,1,0,0,0,0,0,35.68
3288,1.77,20,298,Cu,C1=CC(=CC(=C1C2=CC(=C(C(=C2)C(=O)O)C(=O)O)C(=O)N(C(=O)C3=CC(=CC(=C3)C(=O)O)C(=O)O)C(=O)O)C(=O)N(C(=O)C4=CC(=CC(=C4)C(=O)O)C(=O)O)C(=O)O)C(=O)O,29,63.55,1085,2562,1.9,1.24,8.92,127,398,59.6,7.73,7.1,0.39,3,1.68,2,2,6,2,6,10,1,0,0,0,0,0,25.2
3360,1.91,20,273,Cu,C1=CC(=CC(=C1C2=CC(=C(C(=C2)C(=O)O)C(=O)O)C(=O)N(C(=O)C3=CC(=CC(=C3)C(=O)O)C(=O)O)C(=O)O)C(=O)N(C(=O)C4=CC(=CC(=C4)C(=O)O)C(=O)O)C(=O)O)C(=O)O,29,63.55,1085,2562,1.9,1.24,8.92,127,398,59.6,7.73,7.1,0.39,3,1.68,2,2,6,2,6,10,1,0,0,0,0,0,35.6
3360,1.91,20,298,Cu,C1=CC(=CC(=C1C2=CC(=C(C(=C2)C(=O)O)C(=O)O)C(=O)N(C(=O)C3=CC(=CC(=C3)C(=O)O)C(=O)O)C(=O)O)C(=O)N(C(=O)C4=CC(=CC(=C4)C(=O)O)C(=O)O)C(=O)O)C(=O)O,29,63.55,1085,2562,1.9,1.24,8.92,127,398,59.6,7.73,7.1,0.39,3,1.68,2,2,6,2,6,10,1,0,0,0,0,0,25.2
4460,2.16,50,298,Zn,C1=CC(=CC=C1C2=CC(=C(C(=C2)C(=O)O)C(=O)O)C(=O)O)C(=O)O,30,65.38,419.5,907,1.65,0,7.14,134,116,16.9,9.39,9.2,0.39,2.5,5.9,2,2,6,2,6,10,2,0,0,0,0,0,38.1
4460,2.16,20,273,Zn,C1=CC(=CC=C1C2=CC(=C(C(=C2)C(=O)O)C(=O)O)C(=O)O)C(=O)O,30,65.38,419.5,907,1.65,0,7.14,134,116,16.9,9.39,9.2,0.39,2.5,5.9,2,2,6,2,6,10,2,0,0,0,0,0,33.9
4460,2.16,20,298,Zn,C1=CC(=CC=C1C2=CC(=C(C(=C2)C(=O)O)C(=O)O)C(=O)O)C(=O)O,30,65.38,419.5,907,1.65,0,7.14,134,116,16.9,9.39,9.2,0.39,2.5,5.9,2,2,6,2,6,10,2,0,0,0,0,0,26
6240,3.6,20,273,Zn,C1=CC=C(C(=C1)C(=O)O)C2=CC=C(C=C2)C(=O)O,30,65.38,419.5,907,1.65,0,7.14,134,116,16.9,9.39,9.2,0.39,2.5,5.9,2,2,6,2,6,10,2,0,0,0,0,0,54.5
6240,3.6,20,298,Zn,C1=CC=C(C(=C1)C(=O)O)C2=CC=C(C=C2)C(=O)O,30,65.38,419.5,907,1.65,0,7.14,134,116,16.9,9.39,9.2,0.39,2.5,5.9,2,2,6,2,6,10,2,0,0,0,0,0,16
2690,1.08,1,273,Cu,C1=CC(=CC=C1C(=O)NC2=CC=C(C=C2)C(=O)O)C(=O)O,29,63.55,1085,2562,1.9,1.24,8.92,127,398,59.6,7.73,7.1,0.39,3,1.68,2,2,6,2,6,10,1,0,0,0,0,0,6.21
2690,1.08,20,273,Cu,C1=CC(=CC=C1C(=O)NC2=CC=C(C=C2)C(=O)O)C(=O)O,29,63.55,1085,2562,1.9,1.24,8.92,127,398,59.6,7.73,7.1,0.39,3,1.68,2,2,6,2,6,10,1,0,0,0,0,0,22.12
2690,1.08,20,298,Cu,C1=CC(=CC=C1C(=O)NC2=CC=C(C=C2)C(=O)O)C(=O)O,29,63.55,1085,2562,1.9,1.24,8.92,127,398,59.6,7.73,7.1,0.39,3,1.68,2,2,6,2,6,10,1,0,0,0,0,0,18.1
1372,0.58,1,273,Cu,C1=CC(=CC(=C1C(=O)NC2=CC(=C(C(=C2)C(=O)O)C(=O)O)C(=O)O)C(=O)NC3=CC(=CC(=C3)C(=O)O)C(=O)O)C(=O)O,29,63.55,1085,2562,1.9,1.24,8.92,127,398,59.6,7.73,7.1,0.39,3,1.68,2,2,6,2,6,10,1,0,0,0,0,0,6.5
1372,0.58,1,283,Cu,C1=CC(=CC(=C1C(=O)NC2=CC(=C(C(=C2)C(=O)O)C(=O)O)C(=O)O)C(=O)NC3=CC(=CC(=C3)C(=O)O)C(=O)O)C(=O)O,29,63.55,1085,2562,1.9,1.24,8.92,127,398,59.6,7.73,7.1,0.39,3,1.68,2,2,6,2,6,10,1,0,0,0,0,0,5.41
1372,0.58,1,295,Cu,C1=CC(=CC(=C1C(=O)NC2=CC(=C(C(=C2)C(=O)O)C(=O)O)C(=O)O)C(=O)NC3=CC(=CC(=C3)C(=O)O)C(=O)O)C(=O)O,29,63.55,1085,2562,1.9,1.24,8.92,127,398,59.6,7.73,7.1,0.39,3,1.68,2,2,6,2,6,10,1,0,0,0,0,0,4.16
808.5,0.32,1,298,Cu,C1=C(C(=CC(=C1)C(=O)NCC(=O)O)C(=O)NCC(=O)O)C(=O)NCC(=O)O,29,63.55,1085,2562,1.9,1.24,8.92,127,398,59.6,7.73,7.1,0.39,3,1.68,2,2,6,2,6,10,1,0,0,0,0,0,2
808.5,0.32,20,298,Cu,C1=C(C(=CC(=C1)C(=O)NCC(=O)O)C(=O)NCC(=O)O)C(=O)NCC(=O)O,29,63.55,1085,2562,1.9,1.24,8.92,127,398,59.6,7.73,7.1,0.39,3,1.68,2,2,6,2,6,10,1,0,0,0,0,0,5.5
150,0.32,1,203,Zn,"C1=CC(=CC=C1C(=O)O)C(=O)O,N=C(N)C=CC2=CC=CC=C2C3=CC=CC4=CC=CC=C34",30,65.38,419.5,907,1.65,0,7.14,134,116,16.9,9.39,9.2,0.39,2.5,5.9,2,2,6,2,6,10,2,0,0,0,0,0,9
0,0.16,1,203,Zn,"C1=CC(=CC=C1C(=O)O)C(=O)O,N=C(C)C1=CC=CC=C1C(=O)NC(=O)C2=CC=CC=C2",30,65.38,419.5,907,1.65,0,7.14,134,116,16.9,9.39,9.2,0.39,2.5,5.9,2,2,6,2,6,10,2,0,0,0,0,0,4.5
680,0.25,1,203,Zn,"C1=CC(=CC=C1C(=O)O)C(=O)O,N=C(C)C1=CC=CC=C1C(=O)NC(=O)C2=CC=CC=C2",30,65.38,419.5,907,1.65,0,7.14,134,116,16.9,9.39,9.2,0.39,2.5,5.9,2,2,6,2,6,10,2,0,0,0,0,0,7.2
0,0.27,1,203,Zn,"C1=CC(=CC=C1C(=O)O)C(=O)O,C1=CC=NC=C1NC(=O)C2=CC=C(C=C2)C3=CC=CC=C3",30,65.38,419.5,907,1.65,0,7.14,134,116,16.9,9.39,9.2,0.39,2.5,5.9,2,2,6,2,6,10,2,0,0,0,0,0,7.2
0,0.22,1,203,Zn,"C1=CC(=CC=C1C(=O)O)C(=O)O,N=C(C=O)C1=CC=CC=C1NC2=CC=CC3=C2C=CC=C3",30,65.38,419.5,907,1.65,0,7.14,134,116,16.9,9.39,9.2,0.39,2.5,5.9,2,2,6,2,6,10,2,0,0,0,0,0,6.3
1724,7.3,1,273,Zn,C1=CC=C(C=C1C2=CC(=C(C=C2)C(=O)O)C(=O)O)SC(=S)N(C)C,30,65.38,419.5,907,1.65,0,7.14,134,116,16.9,9.39,9.2,0.39,2.5,5.9,2,2,6,2,6,10,2,0,0,0,0,0,2.18
1760,7.5,1,273,Zn,C1=CC=C(C=C1C2=CC(=C(C=C2)C(=O)O)C(=O)O)SC(=O)N(C)C,30,65.38,419.5,907,1.65,0,7.14,134,116,16.9,9.39,9.2,0.39,2.5,5.9,2,2,6,2,6,10,2,0,0,0,0,0,2.5
1600,0.38,30,273,Ni,C1=CC(=NN1)C2=CC(=NN2)C3=CC=CC=C3,28,58.69,1455,2913,1.91,1.16,8.91,124,90.9,14.3,7.64,6.6,0.44,4,6.84,2,2,6,2,6,8,2,0,0,0,0,0,10
2200,0.71,30,273,Zn,C1=CC(=NN1)C2=CC(=NN2)C3=CC=CC=C4,30,65.38,419.5,907,1.65,0,7.14,134,116,16.9,9.39,9.2,0.39,2.5,5.9,2,2,6,2,6,10,2,0,0,0,0,0,9.1
1273,0.79,10,298,Fe,C1=CC(=CC=C1C#CC2=CC(=NN2)C#C)C#C,26,55.85,1538,2862,1.83,0.15,7.87,126,80.4,10.1,7.9,7.1,0.45,4,10,2,2,6,2,6,6,2,0,0,0,0,0,9.2
1273,0.79,10,273,Fe,C1=CC(=CC=C1C#CC2=CC(=NN2)C#C)C#C,26,55.85,1538,2862,1.83,0.15,7.87,126,80.4,10.1,7.9,7.1,0.45,4,10,2,2,6,2,6,6,2,0,0,0,0,0,12
1273,0.79,1,195,Fe,C1=CC(=CC=C1C#CC2=CC(=NN2)C#C)C#C,26,55.85,1538,2862,1.83,0.15,7.87,126,80.4,10.1,7.9,7.1,0.45,4,10,2,2,6,2,6,6,2,0,0,0,0,0,13.6
1900,1.05,10,298,Ni,C1=CC(=CC=C1C#CC2=CC(=NN2)C#C)C#C,28,58.69,1455,2913,1.91,1.16,8.91,124,90.9,14.3,7.64,6.6,0.44,4,6.84,2,2,6,2,6,8,2,0,0,0,0,0,5.9
1900,1.05,10,273,Ni,C1=CC(=CC=C1C#CC2=CC(=NN2)C#C)C#C,28,58.69,1455,2913,1.91,1.16,8.91,124,90.9,14.3,7.64,6.6,0.44,4,6.84,2,2,6,2,6,8,2,0,0,0,0,0,8.5
1900,1.05,1,195,Ni,C1=CC(=CC=C1C#CC2=CC(=NN2)C#C)C#C,28,58.69,1455,2913,1.91,1.16,8.91,124,90.9,14.3,7.64,6.6,0.44,4,6.84,2,2,6,2,6,8,2,0,0,0,0,0,11.6
985,0.6,10,298,Zn,C1=CC(=CC=C1C#CC2=CC(=NN2)C#C)C#C,30,65.38,419.5,907,1.65,0,7.14,134,116,16.9,9.39,9.2,0.39,2.5,5.9,2,2,6,2,6,10,2,0,0,0,0,0,5.2
985,0.6,10,273,Zn,C1=CC(=CC=C1C#CC2=CC(=NN2)C#C)C#C,30,65.38,419.5,907,1.65,0,7.14,134,116,16.9,9.39,9.2,0.39,2.5,5.9,2,2,6,2,6,10,2,0,0,0,0,0,8.2
985,0.6,1,195,Zn,C1=CC(=CC=C1C#CC2=CC(=NN2)C#C)C#C,30,65.38,419.5,907,1.65,0,7.14,134,116,16.9,9.39,9.2,0.39,2.5,5.9,2,2,6,2,6,10,2,0,0,0,0,0,11.3
1980,0.76,20,298,Zn,C1=CC(=CC(=C1)C(=O)O)C(=O)O,30,65.38,419.5,907,1.65,0,7.14,134,116,16.9,9.39,9.2,0.39,2.5,5.9,2,2,6,2,6,10,2,0,0,0,0,0,8.66
1320,0.53,20,298,Zn,"[Br],C(=O)(C(=O)O)C1=CC=CC=C1,C1CN2CCNCC2N1",30,65.38,419.5,907,1.65,0,7.14,134,116,16.9,9.39,9.2,0.39,2.5,5.9,2,2,6,2,6,10,2,0,0,0,0,0,5.52
1310,0.53,20,298,Zn,"C(=O)(C(=O)O)C1=CC(=CC=C1)N+[O-],C1CN2CCNCC2N1",30,65.38,419.5,907,1.65,0,7.14,134,116,16.9,9.39,9.2,0.39,2.5,5.9,2,2,6,2,6,10,2,0,0,0,0,0,7.27
1210,0.49,20,298,Zn,"C(=O)(C(=O)O)C1=CC=CC=C1,C1CN2CCNCC2N1",30,65.38,419.5,907,1.65,0,7.14,134,116,16.9,9.39,9.2,0.39,2.5,5.9,2,2,6,2,6,10,2,0,0,0,0,0,3.68
1180,0.45,20,298,Zn,"C(=O)(C(=O)O)C1=CC=CC=C1,Cl,Cl,C1CN2CCNCC2N1",30,65.38,419.5,907,1.65,0,7.14,134,116,16.9,9.39,9.2,0.39,2.5,5.9,2,2,6,2,6,10,2,0,0,0,0,0,6
1130,0.54,20,298,Zn,"C(=O)(C(=O)O)C1=CC=CC=C1,O,C1CN2CCNCC2N1",30,65.38,419.5,907,1.65,0,7.14,134,116,16.9,9.39,9.2,0.39,2.5,5.9,2,2,6,2,6,10,2,0,0,0,0,0,5.64
1120,0.48,20,298,Zn,"C(=O)(C(=O)O)C1=CC=CC=C1,C1CN2CCN(C2=N1)C",30,65.38,419.5,907,1.65,0,7.14,134,116,16.9,9.39,9.2,0.39,2.5,5.9,2,2,6,2,6,10,2,0,0,0,0,0,5.77
1050,0.57,20,298,Zn,"C(=O)(C(=O)O)C1=CC=CC=C1,C1CN2CCN(C2=C1)C",30,65.38,419.5,907,1.65,0,7.14,134,116,16.9,9.39,9.2,0.39,2.5,5.9,2,2,6,2,6,10,2,0,0,0,0,0,5.36
760,0.33,20,298,Zn,"C(=O)(C(=O)O)C1=CC=CC=C1,C1CN2CCN(C2=C1)C",30,65.38,419.5,907,1.65,0,7.14,134,116,16.9,9.39,9.2,0.39,2.5,5.9,2,2,6,2,6,10,2,0,0,0,0,0,3.89
1390,0.7,1,298,Zr,C(=O)(C1=CC=C(C=C1)C(=O)O),40,91.22,1855,4409,1.33,0.43,6.52,155,22.7,2.4,6.63,14,0.28,5,40,2,2,6,2,6,10,2,6,2,0,0,0,1.41
1495,0.57,0.1,296,Mg,C(=O)(C(=O)O)C1=CC(=CC(=C1O)C(=O)[O-])C(=O)[O-],12,24.31,650,1091,1.31,0,1.74,150,156,22.9,7.65,13.97,1.02,2.5,43.9,2,2,6,2,0,0,0,0,0,0,0,0,5.36
1495,0.57,1,296,Mg,C(=O)(C(=O)O)C1=CC(=CC(=C1O)C(=O)[O-])C(=O)[O-],12,24.31,650,1091,1.31,0,1.74,150,156,22.9,7.65,13.97,1.02,2.5,43.9,2,2,6,2,0,0,0,0,0,0,0,0,8
1070,0.54,0.1,296,Ni,C(=O)(C(=O)O)C1=CC(=CC(=C1O)C(=O)[O-])C(=O)[O-],28,58.69,1455,2913,1.91,1.16,8.91,124,90.9,14.3,7.64,6.6,0.44,4,6.84,2,2,6,2,6,8,2,0,0,0,0,0,2.64
1070,0.54,1,296,Ni,C(=O)(C(=O)O)C1=CC(=CC(=C1O)C(=O)[O-])C(=O)[O-],28,58.69,1455,2913,1.91,1.16,8.91,124,90.9,14.3,7.64,6.6,0.44,4,6.84,2,2,6,2,6,8,2,0,0,0,0,0,5.82
1080,0.5,0.1,296,Co,C(=O)(C(=O)O)C1=CC(=CC(=C1O)C(=O)[O-])C(=O)[O-],27,58.93,1495,2927,1.88,0.66,8.86,125,100,17.2,7.88,6.7,0.42,5,6.24,2,2,6,2,6,7,2,0,0,0,0,0,2.64
1080,0.5,1,296,Co,C(=O)(C(=O)O)C1=CC(=CC(=C1O)C(=O)[O-])C(=O)[O-],27,58.93,1495,2927,1.88,0.66,8.86,125,100,17.2,7.88,6.7,0.42,5,6.24,2,2,6,2,6,7,2,0,0,0,0,0,6.95
816,0.58,0.1,296,Zn,C(=O)(C(=O)O)C1=CC(=CC(=C1O)C(=O)[O-])C(=O)[O-],30,65.38,419.5,907,1.65,0,7.14,134,116,16.9,9.39,9.2,0.39,2.5,5.9,2,2,6,2,6,10,2,0,0,0,0,0,1.32
816,0.58,1,296,Zn,C(=O)(C(=O)O)C1=CC(=CC(=C1O)C(=O)[O-])C(=O)[O-],30,65.38,419.5,907,1.65,0,7.14,134,116,16.9,9.39,9.2,0.39,2.5,5.9,2,2,6,2,6,10,2,0,0,0,0,0,5.55
966,0.46,0.1,273,Ni,C1=CC(=CC=C1C(=O)O)C(=O)O,28,58.69,1455,2913,1.91,1.16,8.91,124,90.9,14.3,7.64,6.6,0.44,4,6.84,2,2,6,2,6,8,2,0,0,0,0,0,0.73
966,0.46,0.1,298,Ni,C1=CC(=CC=C1C(=O)O)C(=O)O,28,58.69,1455,2913,1.91,1.16,8.91,124,90.9,14.3,7.64,6.6,0.44,4,6.84,2,2,6,2,6,8,2,0,0,0,0,0,0.35
966,0.46,1,273,Ni,C1=CC(=CC=C1C(=O)O)C(=O)O,28,58.69,1455,2913,1.91,1.16,8.91,124,90.9,14.3,7.64,6.6,0.44,4,6.84,2,2,6,2,6,8,2,0,0,0,0,0,6.09
966,0.46,1,298,Ni,C1=CC(=CC=C1C(=O)O)C(=O)O,28,58.69,1455,2913,1.91,1.16,8.91,124,90.9,14.3,7.64,6.6,0.44,4,6.84,2,2,6,2,6,8,2,0,0,0,0,0,3.29
808,0.4,0.1,273,Ni,"C1=CC(=C(C=C1O)C(=O)O)C(=O)C(=O)O,C1=CC(=CC(=C1)N=NC2=CC=NC(=N2)C3=CC=NC(=N3)C(=O)O)C(=O)O",28,58.69,1455,2913,1.91,1.16,8.91,124,90.9,14.3,7.64,6.6,0.44,4,6.84,2,2,6,2,6,8,2,0,0,0,0,0,2.42
808,0.4,0.1,298,Ni,"C1=CC(=C(C=C1O)C(=O)O)C(=O)C(=O)O,C1=CC(=CC(=C1)N=NC2=CC=NC(=N2)C3=CC=NC(=N3)C(=O)O)C(=O)O",28,58.69,1455,2913,1.91,1.16,8.91,124,90.9,14.3,7.64,6.6,0.44,4,6.84,2,2,6,2,6,8,2,0,0,0,0,0,1.03
808,0.4,1,273,Ni,"C1=CC(=C(C=C1O)C(=O)O)C(=O)C(=O)O,C1=CC(=CC(=C1)N=NC2=CC=NC(=N2)C3=CC=NC(=N3)C(=O)O)C(=O)O",28,58.69,1455,2913,1.91,1.16,8.91,124,90.9,14.3,7.64,6.6,0.44,4,6.84,2,2,6,2,6,8,2,0,0,0,0,0,7.76
808,0.4,1,298,Ni,"C1=CC(=C(C=C1O)C(=O)O)C(=O)C(=O)O,C1=CC(=CC(=C1)N=NC2=CC=NC(=N2)C3=CC=NC(=N3)C(=O)O)C(=O)O",28,58.69,1455,2913,1.91,1.16,8.91,124,90.9,14.3,7.64,6.6,0.44,4,6.84,2,2,6,2,6,8,2,0,0,0,0,0,5.63
805,0.41,0.1,273,Ni,"C1=CC(=CC(=C1)C(=O)O)N,C1=CC(=NC(=C1)N=NC2=CC(=NC(=C2)N=NC3=CC=NC(=N3)C(=O)O)C(=O)O)C(=O)O",28,58.69,1455,2913,1.91,1.16,8.91,124,90.9,14.3,7.64,6.6,0.44,4,6.84,2,2,6,2,6,8,2,0,0,0,0,0,1.15
805,0.41,0.1,298,Ni,"C1=CC(=CC(=C1)C(=O)O)N,C1=CC(=NC(=C1)N=NC2=CC(=NC(=C2)N=NC3=CC=NC(=N3)C(=O)O)C(=O)O)C(=O)O",28,58.69,1455,2913,1.91,1.16,8.91,124,90.9,14.3,7.64,6.6,0.44,4,6.84,2,2,6,2,6,8,2,0,0,0,0,0,0.59
805,0.41,1,273,Ni,"C1=CC(=CC(=C1)C(=O)O)N,C1=CC(=NC(=C1)N=NC2=CC(=NC(=C2)N=NC3=CC=NC(=N3)C(=O)O)C(=O)O)C(=O)O",28,58.69,1455,2913,1.91,1.16,8.91,124,90.9,14.3,7.64,6.6,0.44,4,6.84,2,2,6,2,6,8,2,0,0,0,0,0,5.99
805,0.41,1,298,Ni,"C1=CC(=CC(=C1)C(=O)O)N,C1=CC(=NC(=C1)N=NC2=CC(=NC(=C2)N=NC3=CC=NC(=N3)C(=O)O)C(=O)O)C(=O)O",28,58.69,1455,2913,1.91,1.16,8.91,124,90.9,14.3,7.64,6.6,0.44,4,6.84,2,2,6,2,6,8,2,0,0,0,0,0,3.95
222,0.11,0.1,273,Ni,"C1=CC(=CC=C1C(=O)O)C2=CC=C3C(=C2)C=CC(=C3)C(=O)O,C1=CC(=NC(=C1)N=NC2=CC(=NC(=C2)N=NC3=CC=NC(=N3)C(=O)O)C(=O)O)C(=O)O",28,58.69,1455,2913,1.91,1.16,8.91,124,90.9,14.3,7.64,6.6,0.44,4,6.84,2,2,6,2,6,8,2,0,0,0,0,0,0.45
222,0.11,0.1,298,Ni,"C1=CC(=CC=C1C(=O)O)C2=CC=C3C(=C2)C=CC(=C3)C(=O)O,C1=CC(=NC(=C1)N=NC2=CC(=NC(=C2)N=NC3=CC=NC(=N3)C(=O)O)C(=O)O)C(=O)O",28,58.69,1455,2913,1.91,1.16,8.91,124,90.9,14.3,7.64,6.6,0.44,4,6.84,2,2,6,2,6,8,2,0,0,0,0,0,0.22
222,0.11,1,273,Ni,"C1=CC(=CC=C1C(=O)O)C2=CC=C3C(=C2)C=CC(=C3)C(=O)O,C1=CC(=NC(=C1)N=NC2=CC(=NC(=C2)N=NC3=CC=NC(=N3)C(=O)O)C(=O)O)C(=O)O",28,58.69,1455,2913,1.91,1.16,8.91,124,90.9,14.3,7.64,6.6,0.44,4,6.84,2,2,6,2,6,8,2,0,0,0,0,0,1.62
222,0.11,1,298,Ni,"C1=CC(=CC=C1C(=O)O)C2=CC=C3C(=C2)C=CC(=C3)C(=O)O,C1=CC(=NC(=C1)N=NC2=CC(=NC(=C2)N=NC3=CC=NC(=N3)C(=O)O)C(=O)O)C(=O)O",28,58.69,1455,2913,1.91,1.16,8.91,124,90.9,14.3,7.64,6.6,0.44,4,6.84,2,2,6,2,6,8,2,0,0,0,0,0,1.1
1002,0.49,0.1,273,Ni,"C1=CC(=CC=C1C(=O)O)C2=CC(=C3C=CC(=C2)C(=O)C=CC3=O)C(=O)O,C1=CC(=NC(=C1)N=NC2=CC(=NC(=C2)N=NC3=CC=NC(=N3)C(=O)O)C(=O)O)C(=O)O",28,58.69,1455,2913,1.91,1.16,8.91,124,90.9,14.3,7.64,6.6,0.44,4,6.84,2,2,6,2,6,8,2,0,0,0,0,0,0.45
1002,0.49,0.1,298,Ni,"C1=CC(=CC=C1C(=O)O)C2=CC(=C3C=CC(=C2)C(=O)C=CC3=O)C(=O)O,C1=CC(=NC(=C1)N=NC2=CC(=NC(=C2)N=NC3=CC=NC(=N3)C(=O)O)C(=O)O)C(=O)O",28,58.69,1455,2913,1.91,1.16,8.91,124,90.9,14.3,7.64,6.6,0.44,4,6.84,2,2,6,2,6,8,2,0,0,0,0,0,0.23
1002,0.49,1,273,Ni,"C1=CC(=CC=C1C(=O)O)C2=CC(=C3C=CC(=C2)C(=O)C=CC3=O)C(=O)O,C1=CC(=NC(=C1)N=NC2=CC(=NC(=C2)N=NC3=CC=NC(=N3)C(=O)O)C(=O)O)C(=O)O",28,58.69,1455,2913,1.91,1.16,8.91,124,90.9,14.3,7.64,6.6,0.44,4,6.84,2,2,6,2,6,8,2,0,0,0,0,0,3.13
1002,0.49,1,298,Ni,"C1=CC(=CC=C1C(=O)O)C2=CC(=C3C=CC(=C2)C(=O)C=CC3=O)C(=O)O,C1=CC(=NC(=C1)N=NC2=CC(=NC(=C2)N=NC3=CC=NC(=N3)C(=O)O)C(=O)O)C(=O)O",28,58.69,1455,2913,1.91,1.16,8.91,124,90.9,14.3,7.64,6.6,0.44,4,6.84,2,2,6,2,6,8,2,0,0,0,0,0,1.96
724,0.31,0.1,273,Ni,"C1=CC(=CC=C1C(=O)O)C2=CC=CC=C2,C1=CC(=NC(=C1)N=NC2=CC(=NC(=C2)N=NC3=CC=NC(=N3)C(=O)O)C(=O)O)C(=O)O",28,58.69,1455,2913,1.91,1.16,8.91,124,90.9,14.3,7.64,6.6,0.44,4,6.84,2,2,6,2,6,8,2,0,0,0,0,0,0.35
724,0.31,0.1,298,Ni,"C1=CC(=CC=C1C(=O)O)C2=CC=CC=C2,C1=CC(=NC(=C1)N=NC2=CC(=NC(=C2)N=NC3=CC=NC(=N3)C(=O)O)C(=O)O)C(=O)O",28,58.69,1455,2913,1.91,1.16,8.91,124,90.9,14.3,7.64,6.6,0.44,4,6.84,2,2,6,2,6,8,2,0,0,0,0,0,0.21
724,0.31,1,273,Ni,"C1=CC(=CC=C1C(=O)O)C2=CC=CC=C2,C1=CC(=NC(=C1)N=NC2=CC(=NC(=C2)N=NC3=CC=NC(=N3)C(=O)O)C(=O)O)C(=O)O",28,58.69,1455,2913,1.91,1.16,8.91,124,90.9,14.3,7.64,6.6,0.44,4,6.84,2,2,6,2,6,8,2,0,0,0,0,0,1.93
724,0.31,1,298,Ni,"C1=CC(=CC=C1C(=O)O)C2=CC=CC=C2,C1=CC(=NC(=C1)N=NC2=CC(=NC(=C2)N=NC3=CC=NC(=N3)C(=O)O)C(=O)O)C(=O)O",28,58.69,1455,2913,1.91,1.16,8.91,124,90.9,14.3,7.64,6.6,0.44,4,6.84,2,2,6,2,6,8,2,0,0,0,0,0,1.32
1120,0.45,1,273,Ni,"C1=CC(=CC=C1C(=O)O)C(=O)O,C1=CC(=NC(=C1)C2=NC(=CC=C2)C(=N)N)C(=N)N",28,58.69,1455,2913,1.91,1.16,8.91,124,90.9,14.3,7.64,6.6,0.44,4,6.84,2,2,6,2,6,8,2,0,0,0,0,0,4.51
465,0.19,1,273,Ni,"C1=CC(=CC=C1C(=O)O)C(=O)O,C1=CN=CN=C1",28,58.69,1455,2913,1.91,1.16,8.91,124,90.9,14.3,7.64,6.6,0.44,4,6.84,2,2,6,2,6,8,2,0,0,0,0,0,2.41
870,0.36,1,298,Cu,"C1=CC(=CC(=C1C2=NC(=NN2)N3C=NC(=N3)C4=CC=CC=C4)C(=O)O)C(=O)O,CCN(CCN)CC",29,63.55,1085,2562,1.9,1.24,8.92,127,398,59.6,7.73,7.1,0.39,3,1.68,2,2,6,2,6,10,1,0,0,0,0,0,4.14
870,0.36,0.15,298,Cu,"C1=CC(=CC(=C1C2=NC(=NN2)N3C=NC(=N3)C4=CC=CC=C4)C(=O)O)C(=O)O,CCN(CCN)CC",29,63.55,1085,2562,1.9,1.24,8.92,127,398,59.6,7.73,7.1,0.39,3,1.68,2,2,6,2,6,10,1,0,0,0,0,0,2.39
1770,0.71,1,298,Cu,C1=CC(=CC(=C1C2=NC(=NN2)N3C=NC(=N3)C4=CC=CC=C4)C(=O)O)C(=O)O,29,63.55,1085,2562,1.9,1.24,8.92,127,398,59.6,7.73,7.1,0.39,3,1.68,2,2,6,2,6,10,1,0,0,0,0,0,3.8
1770,0.71,0.15,298,Cu,C1=CC(=CC(=C1C2=NC(=NN2)N3C=NC(=N3)C4=CC=CC=C4)C(=O)O)C(=O)O,29,63.55,1085,2562,1.9,1.24,8.92,127,398,59.6,7.73,7.1,0.39,3,1.68,2,2,6,2,6,10,1,0,0,0,0,0,0.68
1156,0.64,1,298,Cu,1=CC=C(C=C1)C(=O)OC2=CC(=CC(=C2)C3=CC=C(C=C3)C(=O)OC4=CC=CC(=C4)C(=O)OC5=CC=CC(=C5)C(=O)O)C(=O)O,29,63.55,1085,2562,1.9,1.24,8.92,127,398,59.6,7.73,7.1,0.39,3,1.68,2,2,6,2,6,10,1,0,0,0,0,0,3.33
1156,0.64,0.15,300,Cu,1=CC=C(C=C1)C(=O)OC2=CC(=CC(=C2)C3=CC=C(C=C3)C(=O)OC4=CC=CC(=C4)C(=O)OC5=CC=CC(=C5)C(=O)O)C(=O)O,29,63.55,1085,2562,1.9,1.24,8.92,127,398,59.6,7.73,7.1,0.39,3,1.68,2,2,6,2,6,10,1,0,0,0,0,0,0.58
994,0.61,1,298,Zn,"OC(=O)C1=CC=CC=C1O,C1N2CC(C1)N3C2C3",30,65.38,419.5,907,1.65,0,7.14,134,116,16.9,9.39,9.2,0.39,2.5,5.9,2,2,6,2,6,10,2,0,0,0,0,0,3.11
991,0.54,1,298,Cu,C1=CC(=C(C=C1C(=O)O)C(=O)O)C(=O)OC2=CC(=CC(=C2C(=O)O)C(=O)O)C(=O)OC3=CC(=CC(=C3C(=O)O)C(=O)O)C(=O)O,29,63.55,1085,2562,1.9,1.24,8.92,127,398,59.6,7.73,7.1,0.39,3,1.68,2,2,6,2,6,10,1,0,0,0,0,0,2.88
660,0.37,1,298,Zn,C1=CC(=C(C=C1C(=O)O)C(=O)O)C(=O)OC2=CC(=CC(=C2C(=O)O)C(=O)O)C(=O)OC3=CC(=CC(=C3C(=O)O)C(=O)O)C(=O)O,30,65.38,419.5,907,1.65,0,7.14,134,116,16.9,9.39,9.2,0.39,2.5,5.9,2,2,6,2,6,10,2,0,0,0,0,0,2.37
553,0.28,1,298,Cu,OC(=O)C1=CC=CC=C1O,29,63.55,1085,2562,1.9,1.24,8.92,127,398,59.6,7.73,7.1,0.39,3,1.68,2,2,6,2,6,10,1,0,0,0,0,0,1.36
408,0.22,1,298,Zn,OC(=O)C1=CC=CC=C1C(=O)OC2=CC=CC=C2C(=O)O,30,65.38,419.5,907,1.65,0,7.14,134,116,16.9,9.39,9.2,0.39,2.5,5.9,2,2,6,2,6,10,2,0,0,0,0,0,1.75
408,0.22,0.15,295,Zn,C1=CC(=C(C(=C1)C(=O)O)C(=O)O)C(=O)O,30,65.38,419.5,907,1.65,0,7.14,134,116,16.9,9.39,9.2,0.39,2.5,5.9,2,2,6,2,6,10,2,0,0,0,0,0,0.31
414,0.23,1,298,Zn,C1=CC=CC=C1N2C=NN=C2N3C=CC=C3,30,65.38,419.5,907,1.65,0,7.14,134,116,16.9,9.39,9.2,0.39,2.5,5.9,2,2,6,2,6,10,2,0,0,0,0,0,1.55
397,0.21,1,298,Cu,OC(=O)C1=CC=CC=C1O,29,63.55,1085,2562,1.9,1.24,8.92,127,398,59.6,7.73,7.1,0.39,3,1.68,2,2,6,2,6,10,1,0,0,0,0,0,2.21
516,0.29,1,298,Yb,OC(=O)C1=CC=CC(=C1)C(=O)OC2=CC=CC(=C2)C(=O)O,70,173.05,819,1196,1.1,0,7,194,34.9,3.2,6.25,24.84,0.16,2.5,256,2,2,6,2,6,10,2,6,10,14,0,0,0.7
1040,0.45,1,298,Co,C1=NC2=C(N1)C(=NC=N2)N,27,58.93,1495,2927,1.88,0.66,8.86,125,100,17.2,7.88,6.7,0.42,5,6.24,2,2,6,2,6,7,2,0,0,0,0,0,1.28
2022,0.8,1,298,Zn,OC(=O)C1=CC=CC=C1C(=O)O,30,65.38,419.5,907,1.65,0,7.14,134,116,16.9,9.39,9.2,0.39,2.5,5.9,2,2,6,2,6,10,2,0,0,0,0,0,2.04
1038,0.93,1,298,Cu,OC(=O)C1=CC(=C(C(=C1C(=O)O)C(=O)O)C(=O)O)Nc2nc(nc(n2)Nc3nc(nc(n3)Nc4nc(nc(n4)C(=O)O)C(=O)O)C(=O)O)C(=O)O,29,63.55,1085,2562,1.9,1.24,8.92,127,398,59.6,7.73,7.1,0.39,3,1.68,2,2,6,2,6,10,1,0,0,0,0,0,5.09
580,0.26,1,273,In,OC(=O)C1=CC(=CC=C1C(=O)O)C(=O)O,49,114.82,156.6,2072,1.78,0.3,7.31,156,81.8,11.7,5.79,15.7,0.23,1.5,8.37,2,2,6,2,6,10,2,6,10,0,2,1,3.63
580,0.26,1,298,In,OC(=O)C1=CC(=CC=C1C(=O)O)C(=O)O,49,114.82,156.6,2072,1.78,0.3,7.31,156,81.8,11.7,5.79,15.7,0.23,1.5,8.37,2,2,6,2,6,10,2,6,10,0,2,1,2.43
3811,1.55,1,298,Cu,OC(=O)C1=CC=CC(=C1C(=O)O)N2C(=NC(=N2)N3C(=NC(=N3)Nc4nc(nc(n4)C(=O)O)C(=O)O)C(=O)O)C(=O)O,29,63.55,1085,2562,1.9,1.24,8.92,127,398,59.6,7.73,7.1,0.39,3,1.68,2,2,6,2,6,10,1,0,0,0,0,0,4.3
1918,1.18,1,298,Zn,OC(=O)C1=CC=CC(=C1)C(=O)OC2=CC=CC(=C2)C(=O)O,30,65.38,419.5,907,1.65,0,7.14,134,116,16.9,9.39,9.2,0.39,2.5,5.9,2,2,6,2,6,10,2,0,0,0,0,0,1.79
1870,1.67,1,298,Zn,OC(=O)C1=CC=C(C=C1)C(=O)O,30,65.38,419.5,907,1.65,0,7.14,134,116,16.9,9.39,9.2,0.39,2.5,5.9,2,2,6,2,6,10,2,0,0,0,0,0,1.87
2120,1.78,1,298,Ni,OC(=O)C1=CC=C(C=C1)C(=O)O,28,58.69,1455,2913,1.91,1.16,8.91,124,90.9,14.3,7.64,6.6,0.44,4,6.84,2,2,6,2,6,8,2,0,0,0,0,0,2.17
1616,1.67,1,298,Cu,OC(=O)C1=CC=C(C=C1)C(=O)O,29,63.55,1085,2562,1.9,1.24,8.92,127,398,59.6,7.73,7.1,0.39,3,1.68,2,2,6,2,6,10,1,0,0,0,0,0,1.45
2022,1.64,1,298,Co,OC(=O)C1=CC=C(C=C1)C(=O)O,27,58.93,1495,2927,1.88,0.66,8.86,125,100,17.2,7.88,6.7,0.42,5,6.24,2,2,6,2,6,7,2,0,0,0,0,0,1.02
2190,0.91,1,298,Yb,OC(=O)C1=CC=CC(=C1OC(=O)C2=CC=CC(=C2OC(=O)C3=CC=CC(=C3C#CC4=CC=C5C(=C4)C6=C(C=C(C=C6)Cl)O5)Cl)OCC#CC7=CC=C(C=C7)Cl)Cl,70,173.05,819,1196,1.1,0,7,194,34.9,3.2,6.25,24.84,0.16,2.5,256,2,2,6,2,6,10,2,6,10,14,0,0,1.84
1630,0.65,30,300,Cu,O=C(O)C1=CC=C(C=C1OC(=O)C2=CC=C(C=C2OC(=O)C3=CC(=C4C=CC(=C3)OCC(=O)C5=CC=CC=C5C4=C(C6=CC(=C(C=C6)Cl)OCCOC)Cl)OC)Cl)OCCOC,29,63.55,1085,2562,1.9,1.24,8.92,127,398,59.6,7.73,7.1,0.39,3,1.68,2,2,6,2,6,10,1,0,0,0,0,0,12.7
2500,1.02,30,298,Cu,O=C(O)C1=CC=C(C=C1OC(=O)C2=CC=C(C=C2OC(=O)C3=CC(=C4C=CC(=C3)OCC(=O)C5=CC=CC=C5C4=C(C6=CC(=C(C=C6)Cl)OCCOC)Cl)OC)Cl)OCCOC,29,63.55,1085,2562,1.9,1.24,8.92,127,398,59.6,7.73,7.1,0.39,3,1.68,2,2,6,2,6,10,1,0,0,0,0,0,22.5
2300,1.08,55,298,Cu,O=C(O)C1=CC=C(C=C1OC(=O)C2=CC=C(C=C2OC(=O)C3=CC(=C4C=CC(=C3)OCC(=O)C5=CC=CC=C5C4=C(C6=CC(=C(C=C6)Cl)OCCOC)Cl)OC)Cl)OCCOC,29,63.55,1085,2562,1.9,1.24,8.92,127,398,59.6,7.73,7.1,0.39,3,1.68,2,2,6,2,6,10,1,0,0,0,0,0,17.5
2300,1.08,1,298,Cu,O=C(O)C1=CC=C(C=C1OC(=O)C2=CC=C(C=C2OC(=O)C3=CC(=C4C=CC(=C3)OCC(=O)C5=CC=CC=C5C4=C(C6=CC(=C(C=C6)Cl)OCCOC)Cl)OC)Cl)OCCOC,29,63.55,1085,2562,1.9,1.24,8.92,127,398,59.6,7.73,7.1,0.39,3,1.68,2,2,6,2,6,10,1,0,0,0,0,0,3.6
2300,1.08,0.15,298,Cu,O=C(O)C1=CC=C(C=C1OC(=O)C2=CC=C(C=C2OC(=O)C3=CC(=C4C=CC(=C3)OCC(=O)C5=CC=CC=C5C4=C(C6=CC(=C(C=C6)Cl)OCCOC)Cl)OC)Cl)OCCOC,29,63.55,1085,2562,1.9,1.24,8.92,127,398,59.6,7.73,7.1,0.39,3,1.68,2,2,6,2,6,10,1,0,0,0,0,0,0.65
4932,2.09,1,298,Cu,OC(=O)C1=CC=CC(=C1OC(=O)C2=CC=CC(=C2OC(=O)C3=CC=CC(=C3C#CC4=CC=C5C(=C4)C6=C(C=C(C=C6)Cl)O5)Cl)OCC#CC7=CC=C(C=C7)Cl)Cl,29,63.55,1085,2562,1.9,1.24,8.92,127,398,59.6,7.73,7.1,0.39,3,1.68,2,2,6,2,6,10,1,0,0,0,0,0,1.09
710.5,0.41,1,298,Zn,CN1N=NN=C1,30,65.38,419.5,907,1.65,0,7.14,134,116,16.9,9.39,9.2,0.39,2.5,5.9,2,2,6,2,6,10,2,0,0,0,0,0,3.09
1599,0.66,1,298,Zn,C1=CC(=C(C=C1C(=O)O)C(=O)O)C2=CC=CC=C2,30,65.38,419.5,907,1.65,0,7.14,134,116,16.9,9.39,9.2,0.39,2.5,5.9,2,2,6,2,6,10,2,0,0,0,0,0,1.77
1599,0.66,30,273,Zn,C1=CC(=C(C=C1C(=O)O)C(=O)O)C2=CC=CC=C3,30,65.38,419.5,907,1.65,0,7.14,134,116,16.9,9.39,9.2,0.39,2.5,5.9,2,2,6,2,6,10,2,0,0,0,0,0,14.4
1599,0.66,30,298,Zn,C1=CC(=C(C=C1C(=O)O)C(=O)O)C2=CC=CC=C4,30,65.38,419.5,907,1.65,0,7.14,134,116,16.9,9.39,9.2,0.39,2.5,5.9,2,2,6,2,6,10,2,0,0,0,0,0,11.7
832,0.34,1,298,Zn,C1=CC(=C(C=C1C(=O)O)N+[O-])C(=O)C2=CC(=C(C=C2N+[O-])C(=O)O)N+[O-],30,65.38,419.5,907,1.65,0,7.14,134,116,16.9,9.39,9.2,0.39,2.5,5.9,2,2,6,2,6,10,2,0,0,0,0,0,0.86
832,0.34,1,273,Zn,C1=CC(=C(C=C1C(=O)O)N+[O-])C(=O)C2=CC(=C(C=C2N+[O-])C(=O)O)N+[O-],30,65.38,419.5,907,1.65,0,7.14,134,116,16.9,9.39,9.2,0.39,2.5,5.9,2,2,6,2,6,10,2,0,0,0,0,0,11
832,0.34,1,298,Zn,C1=CC(=C(C=C1C(=O)O)N+[O-])C(=O)C2=CC(=C(C=C2N+[O-])C(=O)O)N+[O-],30,65.38,419.5,907,1.65,0,7.14,134,116,16.9,9.39,9.2,0.39,2.5,5.9,2,2,6,2,6,10,2,0,0,0,0,0,7.2
3831,1.48,1,300,Cu,OC(=O)C1=CC(=CC(=C1)C#CC2=CC(=CC(=C2)C#CC3=CC(=CC(=C3)C(=O)O)C(=O)O)C(=O)O)C(=O)O,29,63.55,1085,2562,1.9,1.24,8.92,127,398,59.6,7.73,7.1,0.39,3,1.68,2,2,6,2,6,10,1,0,0,0,0,0,1.91
3831,1.48,40,300,Cu,OC(=O)C1=CC(=CC(=C1)C#CC2=CC(=CC(=C2)C#CC3=CC(=CC(=C3)C(=O)O)C(=O)O)C(=O)O)C(=O)O,29,63.55,1085,2562,1.9,1.24,8.92,127,398,59.6,7.73,7.1,0.39,3,1.68,2,2,6,2,6,10,1,0,0,0,0,0,11.14
2847,1.01,1,298,Cu,C1=CC(=CC(=C1C(=O)O)N=NN2C=NN=C2)C(=O)O,29,63.55,1085,2562,1.9,1.24,8.92,127,398,59.6,7.73,7.1,0.39,3,1.68,2,2,6,2,6,10,1,0,0,0,0,0,2.5
1773,0.81,1,298,Cu,OC(=O)C1=CC(=CC(=C1C(=O)O)OC2=CC(=CC(=C2)C(=O)O)C(=O)O)C(=O)O,29,63.55,1085,2562,1.9,1.24,8.92,127,398,59.6,7.73,7.1,0.39,3,1.68,2,2,6,2,6,10,1,0,0,0,0,0,5.45
2124,1.18,1,298,Cu,CC1=C(C(=C(C(=C1C(=O)O)C)C)C(=O)O)C(=O)OC2=CC(=C(C(=C2)C(=O)O)C)C,29,63.55,1085,2562,1.9,1.24,8.92,127,398,59.6,7.73,7.1,0.39,3,1.68,2,2,6,2,6,10,1,0,0,0,0,0,3.71
2823,1.07,1,298,Cu,OC(=O)C1=CC(=C(C=C1C(=O)O)C2=CC=CC=N2)C(=O)O,29,63.55,1085,2562,1.9,1.24,8.92,127,398,59.6,7.73,7.1,0.39,3,1.68,2,2,6,2,6,10,1,0,0,0,0,0,3.79
888,0.44,1,298,In,C1=CC(=C(C=C1C(=O)O)C(=O)O)C2=CC(=C(C=C2C(=O)O)C(=O)O)C(=O)O,49,114.82,156.6,2072,1.78,0.3,7.31,156,81.8,11.7,5.79,15.7,0.23,1.5,8.37,2,2,6,2,6,10,2,6,10,0,2,1,2.75
904,0.49,1,273,In,C1=CC=C(C=C1C(=O)O)C2=CC=CC=C2C(=O)O,49,114.82,156.6,2072,1.78,0.3,7.31,156,81.8,11.7,5.79,15.7,0.23,1.5,8.37,2,2,6,2,6,10,2,6,10,0,2,1,2.03
2640,1.37,1,298,Mg,CC(C1=C(C(=C(C(=C1C(=O)O)C)C)C(=O)O)C(=O)O)(C)C,12,24.31,650,1091,1.31,0,1.74,150,156,22.9,7.65,13.97,1.02,2.5,43.9,2,2,6,2,0,0,0,0,0,0,0,0,2.95
2720,1.44,1,298,Mg,NC1=C(C(=C(C(=C1C(=O)O)C)C(=O)O)C(=O)O)C(=O)O,12,24.31,650,1091,1.31,0,1.74,150,156,22.9,7.65,13.97,1.02,2.5,43.9,2,2,6,2,0,0,0,0,0,0,0,0,3.17
2170,0.95,1,298,Mg,CC(=O)OC(=O)NC1=C(C(=C(C(=C1C(=O)O)C)C(=O)O)C(=O)O)C(=O)O,12,24.31,650,1091,1.31,0,1.74,150,156,22.9,7.65,13.97,1.02,2.5,43.9,2,2,6,2,0,0,0,0,0,0,0,0,2.08
2310,1.14,1,298,Mg,NC(=O)NC1=C(C(=C(C(=C1C(=O)O)C)C(=O)O)C(=O)O)C(=O)O,12,24.31,650,1091,1.31,0,1.74,150,156,22.9,7.65,13.97,1.02,2.5,43.9,2,2,6,2,0,0,0,0,0,0,0,0,3.27
2220,0.89,1,298,Mg,CC(=O)OC(=O)NC(=O)C1=CC(=C(C(=C1C(=O)O)C)C(=O)O)C(=O)O,12,24.31,650,1091,1.31,0,1.74,150,156,22.9,7.65,13.97,1.02,2.5,43.9,2,2,6,2,0,0,0,0,0,0,0,0,1.91
2250,1.13,1,298,Mg,CC(=O)NC(=O)C1=CC(=C(C(=C1C(=O)O)C)C(=O)O)C(=O)O,12,24.31,650,1091,1.31,0,1.74,150,156,22.9,7.65,13.97,1.02,2.5,43.9,2,2,6,2,0,0,0,0,0,0,0,0,2.85
1500,0.58,25,298,Al,C1=CC(=CC=C1C(=O)O)C(=O)O,13,26.98,660.3,2519,1.61,0.43,2.7,143,237,37.8,5.99,10,0.9,2.5,2.82,2,2,6,2,1,0,0,0,0,0,0,0,6.8
1500,0.58,30,304,Al,C1=CC(=CC=C1C(=O)O)C(=O)O,13,26.98,660.3,2519,1.61,0.43,2.7,143,237,37.8,5.99,10,0.9,2.5,2.82,2,2,6,2,1,0,0,0,0,0,0,0,10.4
1500,0.58,1,318,Al,C1=CC(=CC=C1C(=O)O)C(=O)O,13,26.98,660.3,2519,1.61,0.43,2.7,143,237,37.8,5.99,10,0.9,2.5,2.82,2,2,6,2,1,0,0,0,0,0,0,0,1
410,0.2,10,273,Zr,C1=CC(=C(C(=C1P(=O)(O)O)P(=O)(O)O)P(=O)(O)O)N=NC2=CC(=C(C(=C2)P(=O)(O)O)P(=O)(O)O)P(=O)(O)O,40,91.22,1855,4409,1.33,0.43,6.52,155,22.7,2.4,6.63,14,0.28,5,40,2,2,6,2,6,10,2,6,2,0,0,0,3.39
410,0.2,10,298,Zr,C1=CC(=C(C(=C1P(=O)(O)O)P(=O)(O)O)P(=O)(O)O)N=NC2=CC(=C(C(=C2)P(=O)(O)O)P(=O)(O)O)P(=O)(O)O,40,91.22,1855,4409,1.33,0.43,6.52,155,22.7,2.4,6.63,14,0.28,5,40,2,2,6,2,6,10,2,6,2,0,0,0,3.08
1040,0.45,1,273,Co,C1=NC2=NC=NC(N)=C2N1,27,58.93,1495,2927,1.88,0.66,8.86,125,100,17.2,7.88,6.7,0.42,5,6.24,2,2,6,2,6,7,2,0,0,0,0,0,6.56
1040,0.45,1,298,Co,C1=NC2=NC=NC(N)=C2N2,27,58.93,1495,2927,1.88,0.66,8.86,125,100,17.2,7.88,6.7,0.42,5,6.24,2,2,6,2,6,7,2,0,0,0,0,0,4.06
1008,0.42,1,273,Co,C1=NC2=NC=NC(N)=C2N3,27,58.93,1495,2927,1.88,0.66,8.86,125,100,17.2,7.88,6.7,0.42,5,6.24,2,2,6,2,6,7,2,0,0,0,0,0,4.46
1008,0.42,1,298,Co,C1=NC2=NC=NC(N)=C2N4,27,58.93,1495,2927,1.88,0.66,8.86,125,100,17.2,7.88,6.7,0.42,5,6.24,2,2,6,2,6,7,2,0,0,0,0,0,3.17
412,0.2,1,273,Co,C1=NC2=NC=NC(N)=C2N5,27,58.93,1495,2927,1.88,0.66,8.86,125,100,17.2,7.88,6.7,0.42,5,6.24,2,2,6,2,6,7,2,0,0,0,0,0,2.68
412,0.2,1,298,Co,C1=NC2=NC=NC(N)=C2N6,27,58.93,1495,2927,1.88,0.66,8.86,125,100,17.2,7.88,6.7,0.42,5,6.24,2,2,6,2,6,7,2,0,0,0,0,0,2.01
17,0.04,1,273,Co,C1=NC2=NC=NC(N)=C2N7,27,58.93,1495,2927,1.88,0.66,8.86,125,100,17.2,7.88,6.7,0.42,5,6.24,2,2,6,2,6,7,2,0,0,0,0,0,2.01
17,0.04,1,298,Co,C1=NC2=NC=NC(N)=C2N8,27,58.93,1495,2927,1.88,0.66,8.86,125,100,17.2,7.88,6.7,0.42,5,6.24,2,2,6,2,6,7,2,0,0,0,0,0,1.38
920,0.5,0.9,273,Zn,CC(=O)NC1=CC=C(C=C1C(=O)O)C2=CC=C(C=C2)NC(=O)C,30,65.38,419.5,907,1.65,0,7.14,134,116,16.9,9.39,9.2,0.39,2.5,5.9,2,2,6,2,6,10,2,0,0,0,0,0,4.65
920,0.5,0.9,293,Zn,CC(=O)NC1=CC=C(C=C1C(=O)O)C2=CC=C(C=C2)NC(=O)C,30,65.38,419.5,907,1.65,0,7.14,134,116,16.9,9.39,9.2,0.39,2.5,5.9,2,2,6,2,6,10,2,0,0,0,0,0,2.91
920,0.5,0.9,313,Zn,CC(=O)NC1=CC=C(C=C1C(=O)O)C2=CC=C(C=C2)NC(=O)C,30,65.38,419.5,907,1.65,0,7.14,134,116,16.9,9.39,9.2,0.39,2.5,5.9,2,2,6,2,6,10,2,0,0,0,0,0,2.06
850,0.43,0.9,293,Zn,CCCCNC(=O)C1=CC=C(C=C1C(=O)O)C2=CC=C(C=C2)NC(=O)CCCC,30,65.38,419.5,907,1.65,0,7.14,134,116,16.9,9.39,9.2,0.39,2.5,5.9,2,2,6,2,6,10,2,0,0,0,0,0,1.73
1854,0.84,1,298,Cu,C(C(C(C(=O)O)C(=O)O)C(=O)O)C(=O)O,29,63.55,1085,2562,1.9,1.24,8.92,127,398,59.6,7.73,7.1,0.39,3,1.68,2,2,6,2,6,10,1,0,0,0,0,0,4.69
1776,0.78,1,196,Zn,CS(=O)(=O)CC1=CC=C(C=C1C(=O)O)C2=CC=C(C=C2)C(=O)O,30,65.38,419.5,907,1.65,0,7.14,134,116,16.9,9.39,9.2,0.39,2.5,5.9,2,2,6,2,6,10,2,0,0,0,0,0,18.5
1776,0.78,1,298,Zn,CS(=O)(=O)CC1=CC=C(C=C1C(=O)O)C2=CC=C(C=C2)C(=O)O,30,65.38,419.5,907,1.65,0,7.14,134,116,16.9,9.39,9.2,0.39,2.5,5.9,2,2,6,2,6,10,2,0,0,0,0,0,1.4
1776,0.78,10,298,Zn,CS(=O)(=O)CC1=CC=C(C=C1C(=O)O)C2=CC=C(C=C2)C(=O)O,30,65.38,419.5,907,1.65,0,7.14,134,116,16.9,9.39,9.2,0.39,2.5,5.9,2,2,6,2,6,10,2,0,0,0,0,0,6.5
1514,0.65,1,196,Zn,CCCS(=O)(=O)CC1=CC=C(C=C1C(=O)O)C2=CC=C(C=C2)C(=O)O,30,65.38,419.5,907,1.65,0,7.14,134,116,16.9,9.39,9.2,0.39,2.5,5.9,2,2,6,2,6,10,2,0,0,0,0,0,15.5
1514,0.65,1,298,Zn,CCCS(=O)(=O)CC1=CC=C(C=C1C(=O)O)C2=CC=C(C=C2)C(=O)O,30,65.38,419.5,907,1.65,0,7.14,134,116,16.9,9.39,9.2,0.39,2.5,5.9,2,2,6,2,6,10,2,0,0,0,0,0,0.98
1514,0.65,10,298,Zn,CCCS(=O)(=O)CC1=CC=C(C=C1C(=O)O)C2=CC=C(C=C2)C(=O)O,30,65.38,419.5,907,1.65,0,7.14,134,116,16.9,9.39,9.2,0.39,2.5,5.9,2,2,6,2,6,10,2,0,0,0,0,0,6
396.4,0.16,0.15,293,Zr,C1=CC(=CC=C1C(=O)O)C(=O)O,40,91.22,1855,4409,1.33,0.43,6.52,155,22.7,2.4,6.63,14,0.28,5,40,2,2,6,2,6,10,2,6,2,0,0,0,0.16
269.3,0.14,0.15,293,Zr,C1=CC(=CC=C1C(=O)N)C(=O)O,40,91.22,1855,4409,1.33,0.43,6.52,155,22.7,2.4,6.63,14,0.28,5,40,2,2,6,2,6,10,2,6,2,0,0,0,0.28
350.3,0.16,0.15,293,Zr,C1=CC(=CC=C1C(=O)O)C(=O)F,40,91.22,1855,4409,1.33,0.43,6.52,155,22.7,2.4,6.63,14,0.28,5,40,2,2,6,2,6,10,2,6,2,0,0,0,0.1
429.1,0.19,0.15,293,Zr,C1=CC2=C(C=C1C(=O)O)C(=O)C=CC2=O,40,91.22,1855,4409,1.33,0.43,6.52,155,22.7,2.4,6.63,14,0.28,5,40,2,2,6,2,6,10,2,6,2,0,0,0,0.17
660.8,0.27,0.15,293,Zr,C1=CC=C(C=C1C(=O)O)C2=CC=CC=C2C(=O)O,40,91.22,1855,4409,1.33,0.43,6.52,155,22.7,2.4,6.63,14,0.28,5,40,2,2,6,2,6,10,2,6,2,0,0,0,0.18
574.4,0.26,0.15,293,Zr,CC1=CC=C(C=C1C(=O)O)C2=CC=C(C=C2)C(=O)O,40,91.22,1855,4409,1.33,0.43,6.52,155,22.7,2.4,6.63,14,0.28,5,40,2,2,6,2,6,10,2,6,2,0,0,0,0.21
830.6,0.37,0.15,293,Zr,C1=CC(=CC=C1C(=O)N=N)C(=O)C2=CC=C(C=C2)Cl,40,91.22,1855,4409,1.33,0.43,6.52,155,22.7,2.4,6.63,14,0.28,5,40,2,2,6,2,6,10,2,6,2,0,0,0,0.1
147,0.1,1,298,Cu,FC(F)(F)C(C1=CC(=CC=C1)C(=O)O)C2=CC(=CC=C2)C(=O)O,29,63.55,1085,2562,1.9,1.24,8.92,127,398,59.6,7.73,7.1,0.39,3,1.68,2,2,6,2,6,10,1,0,0,0,0,0,2.11
2850,1,1,273,Cu,C1=CC=C(C(=C1)C(=O)O)C2=NN=CC(=C2)C(=O)O,29,63.55,1085,2562,1.9,1.24,8.92,127,398,59.6,7.73,7.1,0.39,3,1.68,2,2,6,2,6,10,1,0,0,0,0,0,8.75
2850,1,0.15,273,Cu,C1=CC=C(C(=C1)C(=O)O)C2=NN=CC(=C2)C(=O)O,29,63.55,1085,2562,1.9,1.24,8.92,127,398,59.6,7.73,7.1,0.39,3,1.68,2,2,6,2,6,10,1,0,0,0,0,0,1.83
704,0.28,1,298,Zn,C1=CC(=CC=C1C2=CC(=C(C=C2)N(C3=CC=C(C=C3)C(=O)O)C(=O)O)C(=O)O)N(C4=CC=C(C=C4)C(=O)O)C(=O)O,30,65.38,419.5,907,1.65,0,7.14,134,116,16.9,9.39,9.2,0.39,2.5,5.9,2,2,6,2,6,10,2,0,0,0,0,0,1.16
704,0.28,0.15,298,Zn,C1=CC(=CC=C1C2=CC(=C(C=C2)N(C3=CC=C(C=C3)C(=O)O)C(=O)O)C(=O)O)N(C4=CC=C(C=C4)C(=O)O)C(=O)O,30,65.38,419.5,907,1.65,0,7.14,134,116,16.9,9.39,9.2,0.39,2.5,5.9,2,2,6,2,6,10,2,0,0,0,0,0,0.21
